{"cameraMode":{"drawMode":0,"name":"Shaded","section":"Shading Mode"},"sceneLighting":true,"audioPlay":false,"sceneViewState":{"m_AlwaysRefresh":false,"showFog":true,"showSkybox":true,"showFlares":true,"showImageEffects":true,"showParticleSystems":true,"showVisualEffectGraphs":true,"m_FxEnabled":true},"in2DMode":false,"pivot":{"x":7.020293712615967,"y":3.8745296001434328,"z":-8.564788818359375},"rotation":{"x":0.0008979683625511825,"y":0.02249809354543686,"z":-0.00002022480111918412,"w":0.9997464418411255},"size":3.506451368331909,"orthographic":false}