{"cameraMode":{"drawMode":0,"name":"Shaded","section":"Shading Mode"},"sceneLighting":true,"audioPlay":false,"sceneViewState":{"m_AlwaysRefresh":false,"showFog":true,"showSkybox":true,"showFlares":true,"showImageEffects":true,"showParticleSystems":true,"showVisualEffectGraphs":true,"m_FxEnabled":true},"in2DMode":false,"pivot":{"x":30.739118576049806,"y":1.9203338623046876,"z":-19.316089630126954},"rotation":{"x":0.19579057395458222,"y":-0.2976141571998596,"z":0.06250136345624924,"w":0.9323013424873352},"size":51.341156005859378,"orthographic":false}